
# New additions !!
#
alias hammond cnh5u@virginia.edu
# Chris Hammond at University of Virginia
#
alias zhao zhaor@math.uc.edu
# Ruhan Zhao at University of Cincinnati
#
# AAAAAAAA
#
alias abramovich yabramovich@math.iupui.edu
# Abramovich at IUPUI
#
alias adams adams@bucknell.edu
# Greg Adams at Bucknell
#
alias akeroyd jakeroyd@comp.uark.edu
# John Akeroyd at the University of Arkansas
#
alias aleman aleman@maths.lth.se
# Alexandru Aleman at University of Lund
#
alias aliprantis aliprantis@mgmt.purdue.edu
# alias aliprantis raliprantis@math.iupui.edu
# C. D. (Roko) Aliprantis at IUPUI
#
alias alspach alspach@math.okstate.edu
# Dale Alspach at Oklahoma State University
#
alias anastassiou anastasg@msci.memphis.edu
# George Anastassiou at University of Memphis
#
alias andrews andrews@vela.acs.oakland.edu
# Kevin T. Andrews at Oakland University, Rochester, Michigan
#
alias arazy jarazy@mathcs2.haifa.ac.il
# Jonathon Arazy at University of Haifa
#
alias aron aron@mcs.kent.edu
# Richard Aron at Kent State
#
alias asmar nakhle@math.missouri.edu
# Nakhle Asmar at University of Missouri
#
alias asthagiri asthagr@muohio.edu
# Rajappa Asthagiri at Miami University, Middletown
#
alias axler axler@sfsu.edu
# http://math.sfsu.edu/axler
# Sheldon Axler at SF St.
#
# BBBBBBBB
#
alias bagby bagby@iu-math.math.indiana.edu
# Thomas Bagby at Indiana University
# 
alias ball ball@vtmath.math.vt.edu
# Joe Ball at Virginia Tech
# 
alias banuelos banuelos
# Rodrigo Banuelos at Purdue
#
alias basu sbasu@research.circ.gwu.edu
# Sudeshna Basu at George Washington University, D.C.
#
alias bauman bauman
# Patricia Bauman at Purdue
#
alias bedford bedford@ucs.indiana.edu
# Eric Bedford at Indiana University   
#
alias belinschi  sbelinsc@indiana.edu
# Serban Belinschi at Indiana University
#
alias bell bell
# Steve Bell at Purdue
#
alias bellow a_bellow@math.northwestern.edu
# Alexandra Bellow Calderon at Northwestern University
#
alias belogay ebelogay@fau.edu
# Eugene Belogay at Florida Atlantic University
#
alias bennett bennettg@ucs.indiana.edu
# Grahame Bennett at Indiana University   
#
alias bercovici bercovic@ucs.indiana.edu
# old: alias bercovici bercovic@iubacs.bitnet
# Hari Bercovici at Indiana University
#
alias berkovitz brkld
# Leonard Berkovitz at Purdue
#
alias berkson berkson@math.uiuc.edu
# Earl Berkson at U of Illinois
#
alias bes jbes@math.bgsu.edu
# Juan Bes at Bowling Green State University
#
alias bezuglyi bezuglyi@math.iupui.edu
# Sergey Bezuglyi at IUPUI
#
alias biles daniel.biles@wku.edu
# Daniel Biles at Western Kentucky
#
alias bishop bishop@math.sunysb.edu
# Chris Bishop at SUNY Stony Brook
#
alias bisi bisi@math.unifi.it
# Cinzia Bisi at the University of Firenze (Florence)
#
alias boivin boivin@julian.uwo.ca
# Andre  Boivin,   phone: (519) 661 3638
# The University of Western Ontario,  London,  Ontario,  Canada  N6A 5B7 
#
alias boukai boukai@math.iupui.edu
# Ben Boukai, Chair at IUPUI
#
alias bourdon pbourdon@wlu.edu
# alias bourdon BOURDON.P.S@p9955.wlu.edu
# Paul Bourdon at Washington and Lee University
#
alias boyd boyd
# David Boyd formerly at Purdue
#
alias fbracci fbracci
# Filipo Bracci formerly at Purdue
#
alias brennan brennan@ms.uky.edu
# James Brennan at Univ. of Kentucky
#
alias bronstea bronstea@wabash.edu
# ? at Wabash College
#
alias brownj jeb
# Johnny Brown at Purdue
#
alias brownleon lbrown@math.wayne.edu
# Leon Brown at Wayne State University
#
alias nbrown nbrown
# Nate Brown formerly at Purdue
#
alias brownr rbrown@ms.uky.edu
# Russell Brown at University of Kentucky
#
alias burkholder donburk@math.uiuc.edu
# Don Burkholder at University of Illinois
#
alias burkinshaw oburkinshaw@math.iupui.edu
# Owen Burkinshaw at IUPUI
#
alias buzzard gbuzzard@math.cornell.edu
# Greg Buzzard at Indiana University
#
# CCCCCCCCCC
#
alias campbell jtc@campbeljpc2.msci.memphis.edu
# J. T. Campbell at Memphis State
#
alias carlsonj carlsn@bluejay.creighton.edu
# Jim Carlson at Creighton
#
alias carlsons Stephan.C.Carlson@Rose-Hulman.Edu
# alias carlsons carlson@rosevc.rose-hulman.edu
# Steve Carlson at Rose-Hulman
#
alias carothers carother@math.bgsu.edu
# Neal Carothers at Bowling Green State University, Ohio
#
alias carroll tc@ucc.ie
# Tom Carroll at Cork
#
alias carswell carswell@math.lsa.umich.edu
# Brent Carswell at University of Michigan
#
alias casazza pete@casazza.math.missouri.edu
# Peter Casazza at University of Missouri
#
alias catlin catlin
# David Catlin at Purdue
#
alias cazacu cazacu@cclabs.missouri.edu
# Dan Cazacu at University of Missouri
#
alias chailos chailos@math.utk.edu
# George Chailos, Richter's student at U Tennessee
#
alias chank kchan@math.bgsu.edu
# Kit C. Chan at Bowling Green State University
#
alias chang chang@math.ucla.edu
# S. Y. Alice Chang at UCLA
#
alias cho KSU212@ukcc.uky.edu
# E. C. Cho at Kentucky State University
#
alias chou chou@math.nsysu.edu.tw
# Chun-yen Chou at National SunYat-Sen Univ., Kaohsiung, Taiwan 80424
#
alias cima cima@math.unc.edu
# Joe Cima at Univ. of North Carolina, Chapel Hill
#
alias clahane dclahane@indiana.edu
# Clahane at Indiana U.
#
alias clancey k.clancey@louisville.edu
# Kevin Clancey at University of Louisville
#
alias clarkd dnc@math.uga.edu
# Doug Clark at University of Georgia
#
alias clifford jcliff@umd.umich.edu
# John Clifford at the University of Michigan, Dearborn
#
alias coates kcoates@titan.iwu.edu
# Keith Coates
#
alias conway conway@math.utk.edu
# John Conway at University of Tennessee
#
alias corless corless@gn.ecn.purdue.edu
# Martin Corless, AE
#
alias cowen cowen
# Carl Cowen at Purdue
#
alias cruz-uribe david.cruzuribe@mail.trincoll.edu
# David Cruz-Uribe at Trinity College, Hartford
#
alias cuckovic zcuckovi@math.utoledo.edu
# Zeljko Cuckovic at University of Toledo
#
alias curto curto@math.uiowa.edu
# Raul Curto at University of Iowa, Iowa City
#
alias cwikel mcwikel@math.technion.ac.il
# Michael Cwikel at Technion
#
# DDDDDDDD
#
alias dadarlat mdd
# Marius Dadarlat at Purdue University
#
alias dangelo jpda@math.uiuc.edu
# John D'Angelo at Univ. of Illinois
#
alias davidson krdavids@math.uwaterloo.ca
# Ken Davidson at Univ. of Waterloo
#
alias davis bdavis@stat.purdue.edu
# Burgess Davis at Purdue University
#
alias dennis kdennis@smumn.edu
# Kevin Dennis, former student of Sivaram, at St. Mary's Univ of Minnesota
#
alias devore devore@math.sc.edu
# Ron DeVore at Univ. of South Carolina
#
alias dombrowski jdombrowski@desire.wright.edu
# Joanne Dombrowski at Wright State University, Dayton
#
alias donnelly hgd
# Harold Donnelly at Purdue University
#
alias douglas douglas
# Jim Douglas at Purdue University
#
alias douglasrg rgd@tamu.edu
# Ron Douglas (provost) at Texas A&M 
#
alias drasin drasin
# David Drasin at Purdue University
#
alias dritschel mad@math.purdue.edu
# Mike Dritschel
#
alias duren duren@math.lsa.umich.edu
# Peter Duren at University of Michigan; phone: 313-764-0202
#
alias dykema kdykema@math.tamu.edu
# Ken Dykema at Texas A&M Univeristy
#
# EEEEEEEEEEEE
#
alias effros ege@math.ucla.edu
# Edward Effros at UCLA
#
alias elias kraftrl@axp.calumet.purdue.edu
# Norma Elias at ..., married to Roger Kraft at PU Calumet
#
alias enflo enflo@mcs.kent.edu
# Per Enflo at Kent State University
#
alias eremenko eremenko
# Alex Eremenko at Purdue University
#
alias exner exner@bucknell.edu
# George Exner at Bucknell
#
# FFFFFFFFFFFF
#
alias falcone afalcone@math.ilstu.edu
# Tony Falcone at Illinois State University
#
alias farenick farenick@abel.math.uregina.ca
# alias farenick farenick@max.cc.uregina.ca
# Douglas Farenick at University of Regina
#
alias farsi farsi@euclid.colorado.edu
# Carla Farsi at University of Colorado
#
alias fefferman raf@zaphod.uchicago.edu
# Robert Fefferman at University of Chicago
#
alias feldman feldmann@wlu.edu
# Nathan Feldman at Washington and Lee University (J.B. Conway's student)
#
alias ferguson sarah@math.wayne.edu
# Sarah Ferguson at Wayne State
#
alias fialkow fialkow@mcs.newpaltz.edu
# Larry Fialkow at SUNY New Paltz
#
alias fishback fishbacp@gvsu.edu
# Paul Fishback at Grand Valley State University
#
alias fisher sdf@math.nwu.edu
# Steve Fisher at Northwestern
#
alias flemingr 377CLSZ@cmuvm.csv.cmich.edu
# Richard Fleming at Central Michigan
#
alias foias foias@ucs.indiana.edu
# Ciprian Foias at Indiana University
#
alias foote footer@wabash.edu
# Robert Foote at Wabash College
#
alias fornaess fornaess@math.lsa.umich.edu
# John Erik Fornaess at University of Michigan
# 
alias frank frank@mathematik.uni-leipzig.de
# Michael Frank at University of Leipzig
#
alias frazho frazho@gus.ecn.purdue.edu
# Art Frazho, AE
#
#
# GGGGGGGGGGGG
#
alias gabrielov agabriel
# Andrei Gabrielov at Purdue University
#
alias gallardo eva.gallardo@uca.es
# Eva Gallardo-Gutierrez at University of Cadiz
#
alias gamelin twg@math.ucla.edu
# Ted Gamelin at UCLA
#
alias gan gxiaoxio@jewel.morgan.edu
# Xiao-Xiong Gan at Morgan State University, Baltimore
#
alias garofalo garofalo
# Nicola Garofalo at Purdue University
#
alias geller wgeller@math.iupui.edu
# William Geller at IUPUI
#
alias gentili gentili@cesit1.unifi.it
# Graziano Gentili at University of Firenze
#
alias ghatage ghatage@math.csuohio.edu
# Pratibha Ghatage at Cleveland State University
#
alias girardi girardi@math.sc.edu
# Maria Girardi at University of South Carolina
#
alias gleason gleason@math.ucsb.edu
# Jim Gleason, student of Putinar at University of California, Santa Barbara
#
alias gloor gloor@stolaf.edu
# Philip J. Gloor at St. Olaf
#
alias goldstein goldstej@msci.memphis.edu
# Jerry Goldstein at University of Memphis
#
alias gordon cfyig@eiu.edu
# Yevgeniy Gordon at Eastern Illinois University
#
alias gorkin pgorkin@bucknell.edu
# Pam Gorkin at Bucknell
#
alias grosse-erdmann kg.grosse-erdmann@fernuni-hagen.de
# Karl Grosse-Erdmann at Fernuniversitaet Hagen
#
alias guentner eguentner@math.iupui.edu
# Eric Guentner at IUPUI
#
alias guli guli@bing.math.ohiou.edu
# Archil Gulisashvili at Ohio University
#
# HHHHHHHHHHHH
#
alias hadwin don@math.unh.edu
# Don Hadwin at University of New Hampshire
#
alias halmos phalmos@scuacc.scu.edu
# Paul Halmos at Santa Clara University
#
alias hartman hartman@acs.wooster.edu
# Jim Hartman at The College of Wooster
#
alias hibschweiler rah2@math.unh.edu
# Rita Hibschweiler at University of New Hampshire
#
alias higson higson@math.psu.edu
# Nigel Higson at Pennsylvania State University
#
alias hinkkanen aimo@math.uiuc.edu
# Aimo Hinkkanen, University of Illinois
#
alias mho hom@math.nsysu.edu.tw
# Mark Ho at University of California, Irvine
#
alias hoover hoover@math.hawaii.edu
# Tom Hoover at University of Hawaii
#
alias hopenwasser ahopenwa@euler.math.ua.edu
# Alan Hopenwasser, University of Alabama
#
alias horn rhorn@math.utah.edu
# Roger A. Horn, University of Utah
#
alias hosseini hosseini
# Majid Hosseini at Purdue University
#
alias housworth eah@math.uoregon.edu
# Elizabeth A. Housworth, University of Oregon
#
alias hurst hurstp@byuh.edu
# Paul Hurst at Brigham Young University, Hawaii
#
# IIIIIIIIIIII
#
alias iordache iordache@math.uiuc.edu
# Adrian Iordache at University of Illinois
#
alias its itsa@math.iupui.edu
# Alex Its at IUPUI
#
alias izzo aizzo@math.bgsu.edu
# Alexander Izzo at Bowling Green State University 
#
# JJJJJJJJJJJJJJ
#
#
alias jafari fjafari@math.uwyo.edu
# Farhad Jafari at University of Wyoming, Laramie
#
alias jamison jamisonj@msci.memphis.edu
# Jim Jamison at Memphis State
#
alias jenkins jjenkins@nsf.gov
# alias jenkins jjenkins@note.nsf.gov
# Joe W. Jenkins Program Director for Modern Analysis, NSF
#
alias jerison jerison@math.mit.edu
# David Jerison at Massachusetts Institute of Technology
#
alias ji ronji@math.iupui.edu
# Ronghui Ji at IUPUI
#
alias johnsoncr crjohnso@math.wm.edu
# Charles R. Johnson, Wm. and Mary  804-253-4822   
#
alias johnsonwb WBJ7835@venus.tamu.edu
# William B. Johnson, Texas A&M
#
alias jonesr rjones@condor.depaul.edu
# Roger Jones at DePaul University
#
alias jorgensen jorgen@math.uiowa.edu
# Palle Jorgensen, University of Iowa
#
alias jovovic mjovovic@math.iupui.edu
# Mirjana Jovovic, unemployed at IUPUI
#
alias junge mjunge@math.uiuc.edu
# Marius Junge, University of Illinois
#
alias jury mj@math.wustl.edu
# Michael Jury, Washington University, St. Louis
# student of McCarthy
#
#
# KKKKKKKKKKKKKK
#
# alias kaftal kaftal@uc.edu
alias kaftal victor.kaftal@math.uc.edu
# Victor Kaftal at Univ. of Cincinnati
#
alias kalton nigel@math.missouri.edu
# Nigel Kalton at University of Missouri
#
alias kaminker kaminker@math.iupui.edu
# Jerry Kaminker at IUPUI   
#
alias kamowitz hkamo@cs.umb.edu
# Herbert Kamowitz at University of Massachusetts, Boston
#
alias kan kan@math.iupui.edu
# Ptak Kan at IUPUI   
#
alias kaufman rpkaufma@math.uiuc.edu
# Robert Kaufman at University of Illinois
#
alias kaur kaur@math.uiuc.edu
# Manmohan Kaur, Grad Student at Illinois
#
alias kellya maakelly@alpha.nlu.edu
# Annela Kelly at Northeast Louisiana University
#
alias kellyb makelly@ulm.edu
# Brian Kelly at University of Louisiana at Monroe
#
alias kenig cek@math.uchicago.edu
# Carlos Kenig at University of Chicago
#
alias khavinson dmitry@comp.uark.edu
# Dmitry Khavinson at University of Arkansas
#
alias kimyoon  kimyoon@indiana.edu
# Yoon-Su Kim at Indiana University
#
alias kitover akitover@ccp.cc.pa.us
# Arkady Kitover, Community College of Philadelphia
#
alias koldobsky koldobsk@math.missouri.edu
# Alexander Koldobsky at University of Missouri
#
alias kontoyiannis yiannis@stat
# Ioannis Kontoyiannis formerly at Purdue: Stat, Math, ECE
#
alias korten marianne@math.ksu.edu
# Marianne Korten, at Kansas State University
#
alias kostov skostov@indiana.edu
# Stoyko Kostov, student at Indiana University
#
alias kotzev bkotzev
# Boris Kotzev at Purdue
#
alias kouchekian skouchek@math.vt.edu
# Sherwin Kouchekian at Virginia Tech
#
alias krantz sk@math.wustl.edu
# Steve Krantz at Washington University, CRC editor
# 314-889-6712
#
alias kriete tlk8q@virginia.edu
# Tom Kriete at Virginia
#  804-924-4932  (home: 804-977-7341)
#
#
# LLLLLLLLLLLLLL
#
alias labuda mmlabuda@hilbert.math.olemiss.edu
# Iwo Labuda at Univerisity of Mississippi
#
alias lacey lacey@math.gatech.edu
# Michael Lacey at Georgia Institute of Technology
#
alias lambert allamber@email.uncc.edu
# Alan Lambert at University of North Carolina, Charlotte
#
alias larson larson@math.tamu.edu
# alias larson DRL3533@acs.tamu.edu
# David Larson at Texas A&M University
#
alias latushkin yuri@math.missouri.edu
# Yuri Latushkin at University of Missouri-Columbia
#
alias laugesen laugesen@math.uiuc.edu
# Rick Laugesen at University of Illinois
#
alias laurie claurie@gp.as.ua.edu
# Cecelia Laurie at University of Alabama
#
alias lautzenheiser roger.lautzenheiser@rose-hulman.edu
# Roger Lautzenheiser at Rose-Hulman
#
alias leek leek@stat.purdue.edu
# Leek in Stat at Purdue
#
alias lempert lempert
# Laszlo Lempert at Purdue
#
alias levi levibks@power-net.net
# David Levi at Central Michigan
# student of Sivaram
#
alias lewisj john@ms.uky.edu
# John Lewis at University of Kentucky
#
alias lewiskm k.lewis@morehead-st.edu
# Kathy Lewis at Morehead State
#
alias lisy sli@math.uci.edu
# SongYing Li at University of California, Irvine
#
alias liws li@math.gatech.edu
# Wing Suet Li at Georgia Tech
#
alias lixj xianjin@math.byu.edu
# Xianjin Li at Brigham Young University
#
alias liyc cli@math.missouri.edu
# Y. Charles Li at University of Missouri
#
alias linh hlin@newton.math.buffalo.edu
# Huaxin Lin at SUNY Buffalo
#
alias loeb loeb@math.uiuc.edu
# Peter Loeb at the University of Illinois
#
alias xlong xlong
# Xiang Long at Purdue
#
alias lorch jdlorch@cs.bsu.edu
# John Lorch at Ball State University
#
alias lotto belotto@vassar.edu
# Ben Lotto at Vassar College
#
alias lucier lucier
# Brad Lucier at Purdue
#
alias luecking luecking@comp.uark.edu
# Dan Luecking at University of Arkansas
#
alias luxemburg lux@cco.caltech.edu
# W.A.J. Luxemburg at Caltech
#
alias lyons rdlyons@ucs.indiana.edu
# Russell Lyons at IU (Student of Shields)
#
# MMMMMMMMMMMMM
#
alias maccluer maccluer@virginia.edu
# Barbara MacCluer at University of Virginia
#
alias marcoux l.marcoux@ualberta.ca
# Laurent Marcoux at Univ. of Alberta
#
alias marsalli marsalli@math.ilstu.edu
# Michael Marsalli at Illinois State University
#
alias marshall marshall@math.washington.edu
# Don Marshall at University of Washington, Seattle
#
alias mathes dbmathes@colby.edu
# Ben Mathes at Colby College
#
alias martinez ruben@math.msu.edu
# Ruben Martinez at Michigan State University
#
alias maycock emaycock@depauw.edu
# Ellen Maycock at DePauw
#
alias mcasey mcasey@bradley.bradley.edu
# Mike McAsey at Bradley
#
alias mccarthy mccarthy@math.wustl.edu
# John McCarthy at Washington Univ., St. Louis
#
alias mccullough sam@math.ufl.edu
# Scott McCullough at University of Florida (Gainesville)
#
alias mcguire pmcguire@bucknell.edu
# Paul McGuire at Bucknell
#
alias megginson robert.megginson@math.lsa.umich.edu
# Robert Megginson at University of Michigan
#
alias mendez mendez
# Pedro Mendez at Purdue
#
alias mercer mercerpr@buffalostate.edu
# Peter Mercer at SUNY College at Buffalo
#
alias mercerr rmercer@euler.math.wright.edu
# Richard Mercer at Wright State University
#
alias michalopoulos michalop@math.uiuc.edu
# Gregory Michalopoulos at University of Illinois
#
alias mihaila mihaila@coastal.edu
# Ioana Mihaila at Coastal Carolina, (student of Nordgren)
#
alias mihailescu mihailes@math.lsa.umich.edu
# Eugen Mihailescu at University of Michigan (student of Fornaess)
#
alias millerl miller@math.msstate.edu
# Len Miller at Mississippi State, 601-325-3414
#
alias millerv vivien@math.msstate.edu
# Vivien Glass Miller at Mississippi State
#
alias minda david.minda@uc.edu
# C. David Minda at University of Cincinnati
#
alias mingo mingoj@mast.queensu.ca
# Jamie Mingo at Queen's University, Kingston, Ontario
#
alias mou mou@bradley.bradley.edu
# Libin Mou at Bradley University
#
alias muhly muhly@math.uiowa.edu
# Paul Muhly at University of Iowa, Iowa City
#
alias musat musat@math.uiuc.edu
# Magdelena Musat at University of Illinios, Urbana-Champaign
#
#
# NNNNNNNNNNNNN
#
alias sivaram sivaram.narayan@cmich.edu
# Sivaram Narayan at Central Michigan
#
alias neal nealm@denison.edu
# M. Neal at Denison
#
alias nelson 00rbnelson@bsuvc.bsu.edu
# Roger Nelson at Ball State University
#
alias neumann neumann@math.msstate.edu
# Michael Neumann at Mississippi State University
#
alias nitica nitica@iu-math.math.indiana.edu
# Viorel Nitica at Indiana University
#
alias nordgren ean@spicerack.unh.edu
# Eric Nordgren at University of New Hampshire
#
#
# OOOOOOOOOOOOO
#
alias octavio aoctavio@ivic.ivic.ve
# Alfredo Octavio at IVIC in Venzuela
#
alias oikhberg timur@math.utexas.edu
# Timur Oikhberg at the University of Texas
#
alias olin rolin@as.ua.edu
# Bob Olin at University of Alabama
#
alias ong  sing-cheong.ong@cmich.edu
# Sing-Cheong Ong at Central Michigan University
# 
alias ordower Marc.Ordower@math.tamu.edu
# Marc Ordower at Texas A&M University
# 
alias orr jorr@math.unl.edu
# John Orr at the University of Nebraska, Lincoln
# 
alias wou wou@indiana.edu
# W. Ou at Indiana University
# 
# PPPPPPPPPPPPP
#
alias pan pan@svsu.edu
# Zhidong Patrick Pan at Saginaw Valley State University
#
alias park epark@gamma.is.tcu.edu
# Efton Park at Texas Christian University
#
alias patersona mmap@umsvm.bitnet
# Alan Paterson at Ole Miss
#
alias patton lpatton@calpoly.edu
# Linda Patton at California Polytechnic State University
#
alias ppaul piti@cica.es
# Pedro J. Paul at Escuela Superior de Ingenieros, Sevilla
#
alias paulsen vern@math.uh.edu
# Vern Paulsen at University of Houston
#
alias pearcy CMP6798@VENUS.TAMU.EDU
# Carl Pearcy at Texas A&M University
#
alias pedersen steen@math.wright.edu
# Steen Pedersen at Wright State University
#
alias perera vicum@math.ohio-state.edu
# Vicum Perera at Ohio State, Newark
#
alias petrovic petrovic@math-stat.wmich.edu
# Srdjan Petrovic at Western Michigan University
#
alias petrucci opetrucc@wp.bsu.edu
#  O. Petrucci at Ball State University
#
alias phelps phelps@math.washington.edu
#  Robert R. Phelps at University of Washington, Seattle
#
alias phillips phillips
#  Dan Phillips at Purdue
#
alias phillipsc ncp@darkwing.uoregon.edu
# or phillips@math.uoregon.edu
#  N. Christopher Phillips at Oregon, OpAlgList
# http://darkwing.uoregon.edu/~ncp
#
alias pilgrim pilgrim@umr.edu
# Kevin Pilgrim at Univ. Missouri, Rolla
#
alias pisier Gilles.Pisier@math.tamu.edu gip@ccr.jussieu.fr
# Gilles Pisier at Texas A&M University and University of Paris VI
#
alias pitts dpitts@math.unl.edu
# David Pitts at University of Nebraska
#
alias poffald poffalde@wabash.edu
# Esteban Poffald at Wabash College
#
alias pietro pietro@math.ksu.edu
# Pietro Poggi-Corradini at Kansas State University
#
alias popescu gpopesc
# George Popescu at Purdue
#
alias poplicher mihaela.poplicher@uc.edu
# Mihaela Poplicher at University of Cincinnati
#
alias porter adporter@math.uwyo.edu
# Duane Porter at University of Wyoming, Laramie
#
alias portnoy portnoy@math.uiuc.edu
# Esther Portnoy at University of Illinois, Director, Actuarial Science Prog.
#
alias portnoyn  nportnoy@csuchico.edu
# Neil Portnoy at Cal State Chico, student of Nordgren
#
alias prajitura gprajitu@brockport.edu
# Gabriel Prajitura at SUNY Brockport
#
alias gprice glp@usna.edu
# Geoff Price at Naval Academy
#
alias protter protter
# Philip Protter at Purdue
#
alias putinar mputinar@math.ucsb.edu
# Mihai Putinar at University of California, Santa Barbara
#
#
# QQQQQQQQQQQQQ
#
alias quigg quigg@math.la.asu.edu
# John Quigg at Arizona State University
#
# RRRRRRRRRRRRR
#
alias radjavi radjavi@mscs.dal.ca
# Heydar Radjavi at Dalhousie University
#
alias ramanujan msram@math.lsa.umich.edu
# M. S. Ramanujan at University of Michigan
#
alias ramazan ramazan@math.iupui.edu
# Birant Ramazan at IUPUI
#
alias ramirez eramirez@math.cinvestav.mx
# Enrique Ramirez de Arellano
# at Centro de Investigacion y Estudios Avanzdos del IPN
#
alias randria randrib@muohio.edu
# Beata Randrianantoanina at Miami University of Ohio
#
alias randrian randrin@muohio.edu
# N. Randrianantoanina at Miami University of Ohio
#
alias reznick reznick@math.uiuc.edu
# Bruce Reznick at University of Illinois
#
alias rhoades rhoades@ucs.indiana.edu
# Billy E. Rhoades at Indiana University
#
alias richman richman
# Alex Richman at Purdue University
#
alias richter richter@math.utk.edu
# Stefan Richter at University of Tennessee
# 615-974-4286
#
alias riehemann briehema@cinternet.net
# Bob Riehemann for the Wabash mailing list
#
alias rizzo arizzo@uiuc.edu
# A. Rizzo at University of Illinois
#
alias robbins mrobbins@bellarmine.edu
# Marian Robbins at Bellarmine College
#
alias rochberg rr@math.wustl.edu
# Richard Rochberg at Washington University, St. Louis
#
alias rodman  lxrodm@math.wm.edu
# Leiba Rodman at College of William and Mary
# 
alias rosenblatt jrsnbltt@math.uiuc.edu
# Joseph Rosenblatt at University of Illinois
# 
alias rosenthalh rosenthl@math.utexas.edu
# Haskell Rosenthal at University of Texas
# 
alias rosenthal rosent@math.toronto.edu
# Peter Rosenthal at University of Toronto
# 
alias ross rossb@mathcs.urich.edu
# William T. Ross at University of Richmond (Tom's 1991 student)
# 
alias rothman nrothman@math.iupui.edu
# Neal Rothman at IUPUI   
#
alias ruan ruan@math.uiuc.edu
# Zhong-jin Ruan at Univ. of Ill.   
#
alias russo brusso@math.uci.edu
# Bernard Russo at University of California at Irvine
#
alias ryan jryan@comp.uark.edu
# John Ryan at U. of Arkansas
#
alias ryff jryff@capecod.net
# John Ryff: Classical Analysis   
#
#
# SSSSSSSSSSSSSS
#
alias saabe elias@math.missouri.edu
# Elias Saab at U. Missouri, Columbia
#
alias saabp paula@math.missouri.edu
# Paula Saab at U. Missouri, Columbia
#
alias sadir sadir1de@mail.cmich.edu
# Dawn Sadir at Central Michigan University
#
alias said said_mohamed99@hotmail.com
# Mohamed Said
#
alias salinas norberto@kuhub.cc.ukans.edu
# Norberto Salinas at Kansas
#
alias sarason sarason@math.berkeley.edu
# Don Sarason at University of California, Berkeley
#
alias sawyer esawyer@math.iupui.edu
# Eric Sawyer, Head, Math at IUPUI (real analysis)
#
alias saxe saxe@macalester.edu
# Karen Saxe at Macalester College
#
alias schlumprecht schlump@math.tamu.edu
# Thomas Schlumprecht, Texas A&M University
# 
alias schwingendorf kschwing@purduenc.edu
# Keith Schwingendorf at Purdue North Central
#
alias ssastry ssastry
# Swati Sastry formerly at Purdue University
#
alias seubert sseuber@math.bgsu.edu
# Steve Seubert at Bowling Green State University
#
alias shapiro shapiro@math.msu.edu
# Joel Shapiro at Michigan State
#
alias shapiroje jshapiro@calpoly.edu
# Jonathan Shapiro at California Polytechnic State University
#
alias shenzi zshen@math.iupui.edu
# Zhongmin Shen at IUPUI
#
alias shenzk shenz@ms.uky.edu
# Zhongwei Shen at University of Kentucky
#
alias shubin shubin@neu.edu
# Mikhail Shubin at Northeastern University
#
alias sinnamon sinnamon@uwo.ca
# Gord Sinnamon at University of Western Ontario
#
alias sirotkin syrotkin@math.iupui.edu
# Sergey Sirotkin at IUPUI
#
alias siskakis siskakis@ccf.auth.gr
# Aristomenis Siskakis at Aristotle University of Thessaloniki
#
alias smithm smithma@muohio.edu
# Mark Smith at Miami University, Ohio
#
alias smithrc smith@math.msstate.edu
# Robert C. Smith at Mississippi State University
#
alias smithw wayne@math.hawaii.edu
# Wayne Smith at University of Hawaii
#
alias smotzer tsmotzer@math.ysu.edu
# Tom Smotzer at Youngstown State University
#
alias solecki ssolecki@indiana.edu
# S. Solecki at Indiana University
#
alias sontz sontz@cimat.mx
# Steve Sontz at CIMAT
# 
alias sorenson jsorenson@exodus.valpo.edu
# John Sorenson at Valparaiso University
# 
alias speegle speegled@sluvca.slu.edu
# Darrin Speegle at St. Louis University
# 
alias spitkovsky ilya@math.wm.edu
# Ilya Spitkovsky at College of William and Mary
#
alias spraker john.spraker@wku.edu
# John Spraker at Western Kentucky
#
alias springer springer@indiana.edu
# George Springer at Indiana University   
#
alias stampfli stampfli@indiana.edu
# Joe Stampfli at Indiana University 
#
alias stegenga dave@math.hawaii.edu
# David Stegenga at University of Hawaii
#
alias stephenson kens@math.utk.edu
# Ken Stephenson   
#
alias stroethoff ma_kms@selway.umt.edu
# Karel Stroethoff (student of Axler) at Univ. of Montana (Missoula)
#
alias sullivanp psullivan@exodus.valpo.edu
# Patrick Sullivan at Valparaiso University
#
alias xsun xsun
# Xiaodong Sun at Purdue University 
#
alias swift swifte@tctc.com
# Bill Swift formerly at Wabash College
#
alias sykes sykes@ms.uky.edu
# Sykes at University of Kentucky
#
alias szarek sjs13@po.cwru.edu
# Stanislaw Szarek at Case Western Reserve University
#
#
# TTTTTTTTTTTTTT
#
alias taylorba taylor@math.lsa.umich.edu 
# Al Taylor at University of Michigan
#
alias thomson thomson@vtmath.math.vt.edu
# Jim Thomson at Indiana Univ.
#
alias tjani mtjani@comp.uark.edu
# Maria Tjani at University of Arkansas (Joel's student)
#
alias toews cat4n@virginia.edu
# Carl Toews, student of Barbara at Virginia
#
alias tolle tolle+@andrew.cmu.edu
# John Tolle at Carnegie Mellon University
#
alias tomczak nicole@ellpspace.math.ualberta.ca
# Nicole Tomczak-Jaegermann at University of Alberta
#
alias ma_tt ma_tt@selway.umt.edu
#
#
alias torchinsky torchins@indiana.edu
# Alberto Torchinsky at Indiana Univ.
#
alias trent ttrent@gp.as.ua.edu
# Tavon Trent at Alabama
#
alias treil treil@math.msu.edu
# Sergei Treil at Michigan State University
#
alias vladimir vladimir@fireant.ma.utexas.edu
# Vladimir at University of Texasc
#
alias tsui tsui@vela.acs.oakland.edu
# Jack Tsui at Oakland University, Rochester, Michigan
#
#
# UUUUUUUUUUUUUU
#
alias uhl juhl@math.uiuc.edu
# Jerry Uhl at University of Illinois
#
alias ulgen sulgen@iupui.edu
# S. Ulgen at IUPUI
#
# VVVVVVVVVVVVVV
alias viens viens@stat
# Frederi Viens at Purdue
#
alias volberg volberg@math.msu.edu
# A. L. "Sasha" Volberg at Michigan State University
#
alias vukotic dragan.vukotic@uam.es
# Dragan Vukotic at Universidad Autonoma de Madrid
#
# WWWWWWWWWWWWWW
alias wahl wahl@hanover.edu
# Barbara Wahl at Hanover College
#
alias wahl rwahl@butler.edu
# Rebecca Wahl at Butler University
#
alias wainger wainger@math.wisc.edu
# Steve Wainger at the University of Wisconsin
#
alias wangjl jwang@gp.as.ua.edu
# James L. Wang at University of Alabama
#
alias weaver nweaver@math.wustl.edu
# Nik Weaver at Washington University, St. Louis
#
alias weir rjweir@umich.edu
# Rachel Weir, grad student at U Mich (Duren)
# going to Virginia
#
alias weissga Gary.Weiss@uc.edu
# Gary Weiss at University of Cincinnati
#
alias weissgu guido@math.wustl.edu
# Guido Weiss at Washington University, St. Louis
#
alias weitsman weits
# Allen Weitsman at Purdue
#
alias wilson wilsond@wabash.edu
# David Wilson at Wabash College
#
alias woerdeman hugo@math.wm.edu
# Hugo Woerdeman at William and Mary
#
alias wogen wrw@math.unc.edu
# Warren Wogen at University of North Carolina
#
alias wojciechowski kwojciec@math.iupui.edu
# K. Wojciechowski at IUPUI
#
alias wong wong@math.nsysu.edu.tw
# Ngai-ching Wong at National Sun Yat Sen University in Taiwan
#
alias worner taworne1@wsc.edu
# Tami Worner at Wayne State College, Wayne, Nebraska
#
alias wright wright@vela.acs.oakland.edu
# Steve Wright at Oakland University, Rochester MI
#
alias wuz zwu@gp.as.ua.edu
# Zhijian Wu at the University of Alabama
#
# XXXXXXXXXXXXXX
#
alias xiao jxiao@cicma.concordia.ca
# J. Xiao at the Concordia University (Canada)
#
# YYYYYYYYYYYYYY
#
alias lyan lyan@stat
# L. Yan in Stat at Purdue 
#
alias lyang yang@math.hawaii.edu
# Liming Yang at University of Hawaii, Honolulu
#
alias ryang ryang@math.uga.edu
# Rongwei Yang at University of Georgia
#
alias yip yip
# Aaron Yip at Purdue
#
alias dyou dyou
# Dahai You at Purudue.
#
alias syoung scyoung@email.unc.edu
# Scott Young, Wogen's student at University of North Carolina
#
alias yu gyu@euclid.colorado.edu
# Guoliang Yu at the University of Colorado, Boulder
#
# ZZZZZZZZZZZZZZ
#
alias zhang szhang@uc.edu
# Shuang Zhang at University of Cincinnati
#
alias zhu kzhu@math.albany.edu
# Kehe Zhu at SUNY at Albany
#
alias zobin zobin@math.ohio-state.edu
# Nahum Zobin at Ohio State University
#
alias zorboska zorbosk@ccm.umanitoba.ca
# Nina Zorboska at University of Manitoba
#

